headline,link,published,source,country
Starmer hails breakthrough on Ukraine - but anxiety over its future remains,https://www.bbc.com/news/articles/cr5rl6y04z0o?at_medium=RSS&at_campaign=rss,"Tue, 19 Aug 2025 12:27:55 GMT",BBC News,UK
I was sexually assaulted on a plane - now I'm fighting for compensation,https://www.bbc.com/news/articles/cly6g2j67rko?at_medium=RSS&at_campaign=rss,"Tue, 19 Aug 2025 05:10:28 GMT",BBC News,UK
Mediators await Israeli response to new Gaza ceasefire proposal,https://www.bbc.com/news/articles/cjeynvp409vo?at_medium=RSS&at_campaign=rss,"Tue, 19 Aug 2025 11:32:29 GMT",BBC News,UK
People buying less fast food as grocery prices remain high,https://www.bbc.com/news/articles/c5y042g11yvo?at_medium=RSS&at_campaign=rss,"Tue, 19 Aug 2025 10:28:23 GMT",BBC News,UK
The epic two-day operation to move an entire church across a Swedish city,https://www.bbc.com/news/articles/cde3xp4xlw9o?at_medium=RSS&at_campaign=rss,"Tue, 19 Aug 2025 09:55:25 GMT",BBC News,UK
"UK withdraws controversial demand to access Apple users' data, US says",https://www.bbc.com/news/articles/cdj2m3rrk74o?at_medium=RSS&at_campaign=rss,"Tue, 19 Aug 2025 09:05:13 GMT",BBC News,UK
Son of Norway's crown princess charged with rape and abuse,https://www.bbc.com/news/articles/cvg3ke05355o?at_medium=RSS&at_campaign=rss,"Tue, 19 Aug 2025 09:36:49 GMT",BBC News,UK
Morecambe appoint first Sikh manager at professional football club,https://www.bbc.com/sport/football/articles/cwygp4y1e81o?at_medium=RSS&at_campaign=rss,"Tue, 19 Aug 2025 09:12:24 GMT",BBC News,UK
"Stop children using VPNs to watch porn, ministers told",https://www.bbc.com/news/articles/cn438z3ejxyo?at_medium=RSS&at_campaign=rss,"Tue, 19 Aug 2025 05:39:49 GMT",BBC News,UK
BBC delayed Ozzy Osbourne film due to 'family's wishes',https://www.bbc.com/news/articles/c2kz8gvkjn5o?at_medium=RSS&at_campaign=rss,"Tue, 19 Aug 2025 08:40:54 GMT",BBC News,UK
Four key takeaways from Ukraine talks in Washington,https://www.bbc.com/news/articles/c5yp4jggrj2o?at_medium=RSS&at_campaign=rss,"Tue, 19 Aug 2025 01:01:32 GMT",BBC News,UK
Why Ukraine's first lady wrote Melania Trump a letter,https://www.bbc.com/news/articles/czd08nj08r3o?at_medium=RSS&at_campaign=rss,"Tue, 19 Aug 2025 10:48:33 GMT",BBC News,UK
"Watch: Two presidents, two very different Oval Office encounters",https://www.bbc.com/news/videos/c74173p9nexo?at_medium=RSS&at_campaign=rss,"Tue, 19 Aug 2025 09:39:52 GMT",BBC News,UK
Zelensky leaves White House unscathed as he buys more time,https://www.bbc.com/news/articles/c80djre5m5vo?at_medium=RSS&at_campaign=rss,"Tue, 19 Aug 2025 03:09:59 GMT",BBC News,UK
Watch: Zelensky's 'fabulous' suit and other moments from Trump meeting,https://www.bbc.com/news/videos/crlzey2j406o?at_medium=RSS&at_campaign=rss,"Tue, 19 Aug 2025 05:37:10 GMT",BBC News,UK
Scotland's prisons are filled with gangsters. Staff are battling to keep rivals apart,https://www.bbc.com/news/articles/c87er2e89dpo?at_medium=RSS&at_campaign=rss,"Tue, 19 Aug 2025 08:07:20 GMT",BBC News,UK
What results day is like when you're neurodivergent - and how parents can help,https://www.bbc.com/news/articles/c99mn51ny02o?at_medium=RSS&at_campaign=rss,"Tue, 19 Aug 2025 05:56:39 GMT",BBC News,UK
'No-one comes for us': The women trapped in Afghanistan's mental health system,https://www.bbc.com/news/articles/c80dg700dego?at_medium=RSS&at_campaign=rss,"Mon, 18 Aug 2025 22:19:29 GMT",BBC News,UK
Panjab Warriors 'feel blessed' after ending Morecambe takeover 'nightmare',https://www.bbc.com/sport/football/articles/c8e15028k97o?at_medium=RSS&at_campaign=rss,"Tue, 19 Aug 2025 06:04:17 GMT",BBC News,UK
My eating disorder misdiagnosis left me with PTSD,https://www.bbc.com/news/articles/c8d114rz07qo?at_medium=RSS&at_campaign=rss,"Tue, 19 Aug 2025 05:05:11 GMT",BBC News,UK
Why scientists hope seabed mud could reveal Antarctic Ocean secrets,https://www.bbc.com/news/articles/cm2vz9jg8jzo?at_medium=RSS&at_campaign=rss,"Mon, 18 Aug 2025 23:21:37 GMT",BBC News,UK
A 'glorified exhibition'? - US Open's revamped mixed doubles divides opinion,https://www.bbc.com/sport/tennis/articles/c6270n44vk3o?at_medium=RSS&at_campaign=rss,"Tue, 19 Aug 2025 08:57:53 GMT",BBC News,UK
Little Mix star Perrie Edwards discusses trauma of losing baby at 24 weeks,https://www.bbc.com/news/articles/c4gmjedy35do?at_medium=RSS&at_campaign=rss,"Tue, 19 Aug 2025 09:57:14 GMT",BBC News,UK
Second man pleads guilty to stealing car that crashed into care home,https://www.bbc.com/news/articles/cx2x40gxjydo?at_medium=RSS&at_campaign=rss,"Tue, 19 Aug 2025 11:43:13 GMT",BBC News,UK
Harmful bacteria 'highest in summer' in Windermere,https://www.bbc.com/news/articles/cjr1q89qw8no?at_medium=RSS&at_campaign=rss,"Tue, 19 Aug 2025 09:16:06 GMT",BBC News,UK
Tom Grennan says therapy helps with his body dysmorphia,https://www.bbc.com/news/articles/cj9w81meejxo?at_medium=RSS&at_campaign=rss,"Tue, 19 Aug 2025 09:40:14 GMT",BBC News,UK
Actors say casting agency owes them thousands,https://www.bbc.com/news/articles/ce3jvpwpj73o?at_medium=RSS&at_campaign=rss,"Tue, 19 Aug 2025 05:06:17 GMT",BBC News,UK
BBC News app,https://www.bbc.co.uk/news/10628994?at_medium=RSS&at_campaign=rss,"Wed, 30 Apr 2025 14:04:28 GMT",BBC News,UK
Trump vs Zelensky In The Oval Office (The Sequel),https://www.bbc.co.uk/sounds/play/p0lxq6yh?at_medium=RSS&at_campaign=rss,"Mon, 18 Aug 2025 23:56:00 GMT",BBC News,UK
Has Trump convinced Zelensky to meet Putin?,https://www.bbc.co.uk/sounds/play/p0lxq70r?at_medium=RSS&at_campaign=rss,"Mon, 18 Aug 2025 23:57:00 GMT",BBC News,UK
The con that tricked dozens into working for a fake company,https://www.bbc.co.uk/iplayer/episode/m0014sbz/jobfished?at_mid=W7tKuetXFs&at_campaign=Jobfished&at_medium=display_ad&at_campaign_type=owned&at_nation=NET&at_audience_id=SS&at_product=iplayer&at_brand=m0014sbz&at_ptr_name=bbc&at_ptr_type=media&at_format=image&at_objective=consumption&at_link_title=Jobfished&at_bbc_team=BBC,"Wed, 21 Feb 2024 06:00:00 GMT",BBC News,UK
A 'glorified exhibition'? - US Open mixed doubles divides opinion,https://www.bbc.com/sport/tennis/articles/c6270n44vk3o?at_medium=RSS&at_campaign=rss,"Tue, 19 Aug 2025 08:57:53 GMT",BBC News,UK
Morecambe appoint 30-year-old as first Sikh manager at professional club,https://www.bbc.com/sport/football/articles/cwygp4y1e81o?at_medium=RSS&at_campaign=rss,"Tue, 19 Aug 2025 09:12:24 GMT",BBC News,UK
'Individuals must sacrifice ego' - Real Madrid's new era,https://www.bbc.com/sport/football/articles/cy8jye097xeo?at_medium=RSS&at_campaign=rss,"Tue, 19 Aug 2025 08:03:06 GMT",BBC News,UK
"More than 80,000 expected as Women's Rugby World Cup final sells out",https://www.bbc.com/sport/rugby-union/articles/cwy597y87dxo?at_medium=RSS&at_campaign=rss,"Tue, 19 Aug 2025 12:01:43 GMT",BBC News,UK
Who had the best Premier League debut ever?,https://www.bbc.com/sport/football/videos/c860v63245eo?at_medium=RSS&at_campaign=rss,"Tue, 19 Aug 2025 05:25:33 GMT",BBC News,UK
"Coldplay review – after 12m tickets sold, this tour is still a mindblowing spectacle",https://www.theguardian.com/music/2025/aug/19/coldplay-review-chris-martin-craven-park-hull,"Tue, 19 Aug 2025 09:52:00 GMT",The Guardian,UK
‘We would love to enter Eurovision!’ The boy who saw some unclaimed land – and founded his own country,https://www.theguardian.com/world/2025/aug/19/daniel-jackson-unclaimed-land-croatia-serbia-verdis,"Tue, 19 Aug 2025 09:00:15 GMT",The Guardian,UK
I spent years unlearning an eating disorder – then I was told to diet for health reasons. This is what it taught me | Amelia Tait,https://www.theguardian.com/commentisfree/2025/aug/19/eating-disorders-anorexia-diet-exercise-health-weight-loss,"Tue, 19 Aug 2025 07:00:11 GMT",The Guardian,UK
Trump claims to have ended six wars – is that true?,https://www.theguardian.com/world/2025/aug/19/trump-claims-to-have-ended-six-wars-is-that-true,"Tue, 19 Aug 2025 00:11:33 GMT",The Guardian,UK
‘There was so much vitriol’: Willis Chimano on being outed while in Africa’s biggest boy band,https://www.theguardian.com/world/2025/aug/19/there-was-so-much-vitriol-willis-chimano-on-being-outed-while-in-africas-biggest-boy-band,"Tue, 19 Aug 2025 04:00:08 GMT",The Guardian,UK
‘A climate of unparalleled malevolence’: are we on our way to the sixth major mass extinction?,https://www.theguardian.com/environment/2025/aug/19/a-climate-of-unparalleled-malevolence-are-we-on-our-way-to-the-sixth-major-mass-extinction,"Tue, 19 Aug 2025 04:01:07 GMT",The Guardian,UK
Trump warns Putin of ‘rough situation’ if he does not move towards peace in Ukraine but tells Zelenskyy to ‘show flexibility’ – live,https://www.theguardian.com/world/live/2025/aug/19/ukraine-live-updates-trump-zelenskyy-putin-meeting-europe-latest-news,"Tue, 19 Aug 2025 13:33:08 GMT",The Guardian,UK
Israel to respond by Friday over Gaza truce plan accepted by Hamas,https://www.theguardian.com/world/2025/aug/19/israel-to-respond-by-friday-gaza-truce-plan-hamas,"Tue, 19 Aug 2025 12:31:11 GMT",The Guardian,UK
Reform UK accused of serving a ‘plate of chaos’ at Leicestershire county council,https://www.theguardian.com/politics/2025/aug/19/reform-uk-accused-serving-plate-of-chaos-leicestershire-county-council,"Tue, 19 Aug 2025 13:11:59 GMT",The Guardian,UK
"Wildfire smoke far more dangerous to health than thought, say scientists",https://www.theguardian.com/environment/2025/aug/19/wildfire-smoke-far-more-dangerous-than-thought-say-scientists,"Tue, 19 Aug 2025 12:56:18 GMT",The Guardian,UK
Woman sexually assaulted on flight challenges UK rules on compensation,https://www.theguardian.com/society/2025/aug/19/woman-sexually-assaulted-on-flight-challenges-uk-rules-on-compensation,"Tue, 19 Aug 2025 09:06:56 GMT",The Guardian,UK
Highgate cemetery drops controversial maintenance building in £18m revamp plan,https://www.theguardian.com/uk-news/2025/aug/19/highgate-cemetery-london-revamp-plan-bunker-gardeners-building,"Tue, 19 Aug 2025 12:19:53 GMT",The Guardian,UK
World Cup final to be most attended women’s rugby match in history after ticket sellout,https://www.theguardian.com/sport/2025/aug/19/womens-world-cup-rugby-union-twickenham-final,"Tue, 19 Aug 2025 13:39:01 GMT",The Guardian,UK
"Young chatty workers disturbing older colleagues ‘not age harassment’, tribunal rules",https://www.theguardian.com/money/2025/aug/19/young-chatty-workers-disturbing-older-ones-not-age-harassment-tribunal-rules,"Tue, 19 Aug 2025 10:12:16 GMT",The Guardian,UK
The ‘big church move’: Swedish town begins to roll historic building 5km,https://www.theguardian.com/world/2025/aug/19/the-big-church-move-sweden-kiruna-kyrka,"Tue, 19 Aug 2025 09:54:11 GMT",The Guardian,UK
Scarborough struggles with ‘gull muggings’ as urban seabird population rises,https://www.theguardian.com/uk-news/2025/aug/19/scarborough-gull-muggings-urban-seabird-population,"Tue, 19 Aug 2025 04:00:08 GMT",The Guardian,UK
US surveillance firms run a victory lap amid Trump’s immigration crackdown,https://www.theguardian.com/technology/2025/aug/18/trump-enterprise-surveillance-microsoft-meta-robots,"Tue, 19 Aug 2025 13:18:16 GMT",The Guardian,UK
From a ‘Yeastie Boy’ to the ultimate fairytale contestant: meet the stars of the 2025 Great British Bake Off,https://www.theguardian.com/tv-and-radio/2025/aug/19/great-british-bake-off-meet-the-contestants,"Tue, 19 Aug 2025 12:07:17 GMT",The Guardian,UK
"The Edinburgh fringe has almost 4,000 shows – what does it take for a standup to stand out?",https://www.theguardian.com/stage/2025/aug/19/edinburgh-fringe-shows-standup-posters-alfie-packham,"Tue, 19 Aug 2025 11:42:31 GMT",The Guardian,UK
‘He gave me a massage. I’ve never been in more pain in my life’: Terence Stamp remembered by Paul Andrew Williams,https://www.theguardian.com/film/2025/aug/19/he-gave-me-a-massage-ive-never-been-in-more-pain-in-my-life-terence-stamp-remembered-by-paul-andrew-williams,"Tue, 19 Aug 2025 06:31:10 GMT",The Guardian,UK
"Coves, caves and Agatha Christie – a car-free tour along the English Riviera in Devon",https://www.theguardian.com/travel/2025/aug/19/agatha-christie-car-free-english-riviera-devon,"Tue, 19 Aug 2025 06:00:10 GMT",The Guardian,UK
David Squires on … the Premier League’s big opening weekend,https://www.theguardian.com/football/picture/2025/aug/19/david-squires-premier-league-opening-weekend,"Tue, 19 Aug 2025 10:32:58 GMT",The Guardian,UK
My husband treats me as his dirty little secret – and won’t have sex at home,https://www.theguardian.com/lifeandstyle/2025/aug/19/my-husband-treats-me-as-his-dirty-little-secret-and-will-not-have-sex-at-home,"Tue, 19 Aug 2025 07:00:12 GMT",The Guardian,UK
European leaders behave like supplicants to an almighty Trump. Putin just sees him as a protege | Rafael Behr,https://www.theguardian.com/commentisfree/2025/aug/19/european-leaders-supplicants-putin-trump-protege,"Tue, 19 Aug 2025 13:30:15 GMT",The Guardian,UK
We should all be eating 30 different plants a week. I can’t even name that many | Zoe Williams,https://www.theguardian.com/commentisfree/2025/aug/19/we-should-all-be-eating-30-different-plants-a-week-i-cant-even-name-that-many,"Tue, 19 Aug 2025 10:00:39 GMT",The Guardian,UK
Do you have a high street full of gambling shops breeding poverty and addiction? I have a way to fight back | Dawn Butler,https://www.theguardian.com/commentisfree/2025/aug/19/high-street-gambling-poverty-addiction,"Tue, 19 Aug 2025 09:00:41 GMT",The Guardian,UK
Pity the beat cops now they’re banned from dancing at the Notting Hill carnival | Hugh Muir,https://www.theguardian.com/commentisfree/2025/aug/19/cops-policeman-banned-dancing-notting-hill-carnival-woke,"Tue, 19 Aug 2025 10:04:50 GMT",The Guardian,UK
There's a word for the EU's inaction over Gaza: racism | Shada Islam,https://www.theguardian.com/commentisfree/2025/aug/19/eu-europe-gaza-racism-palestinian,"Tue, 19 Aug 2025 04:00:09 GMT",The Guardian,UK
The Labour right wants Wes Streeting in No 10. Why? What does he really stand for? | Oliver Eagleton,https://www.theguardian.com/commentisfree/2025/aug/19/labour-right-wes-streeting-downing-street-health-secretary-nhs,"Tue, 19 Aug 2025 05:00:09 GMT",The Guardian,UK
"‘Too hungry to think, too weak to sit upright. Concentration slips away’: the struggle to stay focused as an academic in Gaza",https://www.theguardian.com/global-development/2025/aug/19/too-hungry-to-think-too-weak-to-sit-upright-concentration-slips-away-the-struggle-to-stay-focussed-as-an-academic-in-gaza,"Tue, 19 Aug 2025 06:00:10 GMT",The Guardian,UK
The Guardian view on Britain’s AI strategy: the risk is that it is dependency dressed up in digital hype | Editorial,https://www.theguardian.com/commentisfree/2025/aug/18/the-guardian-view-on-britains-ai-strategy-the-risk-is-that-it-is-dependency-dressed-up-in-digital-hype,"Mon, 18 Aug 2025 17:54:26 GMT",The Guardian,UK
The Guardian view on food and farming: climate chaos hits crops hard – and that should worry everyone | Editorial,https://www.theguardian.com/commentisfree/2025/aug/18/the-guardian-view-on-food-and-farming-climate-chaos-hits-crops-hard-and-that-should-worry-everyone,"Mon, 18 Aug 2025 17:53:05 GMT",The Guardian,UK
A Nobel peace prize for Donald Trump would be ludicrous | Letters,https://www.theguardian.com/us-news/2025/aug/18/a-nobel-peace-prize-for-donald-trump-would-be-ludicrous,"Mon, 18 Aug 2025 16:31:39 GMT",The Guardian,UK
Raising VAT rates would let Rachel Reeves fill budget black hole and enable growth | Letters,https://www.theguardian.com/politics/2025/aug/18/raising-vat-rates-would-let-rachel-reeves-fill-budget-black-hole-and-enable-growth,"Mon, 18 Aug 2025 16:30:15 GMT",The Guardian,UK
Clive of India isn’t welcome in Shrewsbury either | Letters,https://www.theguardian.com/world/2025/aug/18/clive-of-india-isnt-welcome-in-shrewsbury-either,"Mon, 18 Aug 2025 16:31:29 GMT",The Guardian,UK
Councillors who revoke 20mph limits and LTNs risk being held liable for road deaths | Letters,https://www.theguardian.com/politics/2025/aug/18/councillors-who-revoke-20mph-limits-and-ltns-risk-being-held-liable-for-road-deaths,"Mon, 18 Aug 2025 16:31:48 GMT",The Guardian,UK
Ben Jennings on wildfires and summer holidays – cartoon,https://www.theguardian.com/commentisfree/picture/2025/aug/18/ben-jennings-on-wildfires-and-summer-holidays-cartoon,"Mon, 18 Aug 2025 17:10:41 GMT",The Guardian,UK
Brazil aim to make waves at their first Women’s Rugby World Cup,https://www.theguardian.com/sport/2025/aug/19/rugby-union-womens-world-cup-brazil-edna-santini,"Tue, 19 Aug 2025 10:41:51 GMT",The Guardian,UK
‘This is for every girl in Bangladesh’: debutants dream big at Asian Cup,https://www.theguardian.com/football/2025/aug/19/this-achievement-belongs-to-every-girl-in-bangladesh-afeida-khandeka-dreams-big-after-qualifying,"Tue, 19 Aug 2025 11:53:31 GMT",The Guardian,UK
Manchester United are importing a sinister US tactic: Public money for stadiums,https://www.theguardian.com/football/2025/aug/19/manchester-united-new-stadium-public-funding,"Tue, 19 Aug 2025 09:00:13 GMT",The Guardian,UK
World’s best ready to sprinkle stardust on US Open mixed doubles | Tumaini Carayol,https://www.theguardian.com/sport/2025/aug/18/us-open-2025-mixed-doubles-tennis,"Mon, 18 Aug 2025 18:01:54 GMT",The Guardian,UK
Teenage star jockey Billy Loughnane: ‘It’s been my dream job since I was a baby’,https://www.theguardian.com/sport/2025/aug/19/horse-racing-teenage-star-jockey-billy-loughnane-interview,"Tue, 19 Aug 2025 13:00:11 GMT",The Guardian,UK
Morecambe make Ashvir Singh Johal the first Sikh to manage a professional British club,https://www.theguardian.com/football/2025/aug/19/morecambe-ashvir-singh-johal-first-sikh-manager-professional-british-club,"Tue, 19 Aug 2025 11:49:35 GMT",The Guardian,UK
Arsenal launch meet-and-greet prize draw for fans after WSL matches,https://www.theguardian.com/football/2025/aug/19/arsenal-launch-meet-and-greet-prize-draw-for-fans-after-wsl-matches,"Tue, 19 Aug 2025 10:59:13 GMT",The Guardian,UK
‘He can pull something out of the bag’: Aston Villa look to Guessand for cutting edge,https://www.theguardian.com/football/2025/aug/19/he-can-pull-something-out-of-the-bag-aston-villa-look-to-guessand-for-cutting-edge,"Tue, 19 Aug 2025 12:01:10 GMT",The Guardian,UK
Australia in a spin as Maharaj bowls South Africa to opening ODI win,https://www.theguardian.com/sport/2025/aug/19/australia-in-a-spin-as-maharaj-bowls-south-africa-to-opening-odi-win,"Tue, 19 Aug 2025 12:05:23 GMT",The Guardian,UK
"Early ripening of berries in UK shows nature is under stress, say experts",https://www.theguardian.com/uk-news/2025/aug/19/early-ripening-berries-uk-shows-nature-under-stress-experts,"Tue, 19 Aug 2025 06:00:09 GMT",The Guardian,UK
Bank holiday weekend travel disruption expected on British roads and rail,https://www.theguardian.com/uk-news/2025/aug/19/bank-holiday-weekend-travel-disruption-expected-on-british-roads-and-rail,"Tue, 19 Aug 2025 04:01:07 GMT",The Guardian,UK
"UK has backed down on demand to access US Apple user data, spy chief says",https://www.theguardian.com/technology/2025/aug/19/uk-has-backed-down-on-demand-to-access-us-apple-user-data-spy-chief-says,"Tue, 19 Aug 2025 12:19:12 GMT",The Guardian,UK
Shein looks at moving back to China for Hong Kong listing after London IPO stalls,https://www.theguardian.com/business/2025/aug/19/shein-mulls-china-return-for-hong-kong-listing-after-london-ipo-stalls,"Tue, 19 Aug 2025 12:04:10 GMT",The Guardian,UK
Department of Justice to begin handing over Epstein files to Capitol Hill – US politics live,https://www.theguardian.com/us-news/live/2025/aug/19/texas-congressional-maps-democrats-republicans-donald-trump-us-politics-updates-news,"Tue, 19 Aug 2025 13:27:29 GMT",The Guardian,UK
"Most of Windermere polluted with sewage bacteria, finds biggest survey of its kind",https://www.theguardian.com/uk-news/2025/aug/19/most-of-windermere-polluted-with-sewage-bacteria-finds-biggest-survey-of-its-kind,"Tue, 19 Aug 2025 05:00:09 GMT",The Guardian,UK
"Action needed on plastic additives linked to sperm decline, experts warn",https://www.theguardian.com/world/2025/aug/19/urgent-action-needed-plastic-additives-sperm-count-decline-experts-warn,"Tue, 19 Aug 2025 05:00:08 GMT",The Guardian,UK
Wildfires rage in Spain and Portugal amid searing heat,https://www.theguardian.com/world/2025/aug/18/wildfires-spain-portugal-heat-extreme-temperatures-southern-europe,"Mon, 18 Aug 2025 11:27:55 GMT",The Guardian,UK
Feargal Sharkey accuses Environment Agency of illegally draining River Lea,https://www.theguardian.com/environment/2025/aug/18/feargal-sharkey-accuses-environment-agency-of-illegally-draining-river-lea-court-action-threat-abstraction-fishing-club,"Mon, 18 Aug 2025 12:12:08 GMT",The Guardian,UK
BBC says it delayed Ozzy Osbourne documentary at family’s request,https://www.theguardian.com/music/2025/aug/19/bbc-delayed-ozzy-osbourne-documentary-family-request,"Tue, 19 Aug 2025 10:26:31 GMT",The Guardian,UK
Reeves considers replacing stamp duty with new property tax,https://www.theguardian.com/money/2025/aug/18/rachel-reeves-stamp-duty-property-tax-council-tax,"Mon, 18 Aug 2025 14:04:42 GMT",The Guardian,UK
Barbara Hepworth’s Sculpture with Colour saved for nation,https://www.theguardian.com/artanddesign/2025/aug/19/barbara-hepworth-sculpture-with-colour-saved-for-nation,"Tue, 19 Aug 2025 04:00:09 GMT",The Guardian,UK
Gary Lineker on best TV presenter shortlist in wake of Match of the Day exit,https://www.theguardian.com/tv-and-radio/2025/aug/19/gary-lineker-shortlist-national-award-best-tv-presenter-bbc-match-of-the-day,"Tue, 19 Aug 2025 03:58:11 GMT",The Guardian,UK
Sharon Stone says she’s not involved in Basic Instinct reboot: ‘I don’t know why you’d do it’,https://www.theguardian.com/film/2025/aug/19/sharon-stone-not-involved-basic-instinct-reboot,"Tue, 19 Aug 2025 12:26:10 GMT",The Guardian,UK
Air Canada flight attendants reach ‘tentative’ deal with airline to end strike,https://www.theguardian.com/world/2025/aug/19/air-canada-strike-tentative-deal,"Tue, 19 Aug 2025 13:31:37 GMT",The Guardian,UK
Boss of flexible office group IWG dismisses 17% fall in share price as ‘machine selling’,https://www.theguardian.com/business/2025/aug/19/iwg-boss-dismisses-fall-share-price-machine-selling,"Tue, 19 Aug 2025 13:14:45 GMT",The Guardian,UK
Intel secures $2bn lifeline from Japan’s SoftBank,https://www.theguardian.com/technology/2025/aug/19/intel-japan-softbank-us-government,"Tue, 19 Aug 2025 12:38:29 GMT",The Guardian,UK
A Mass of Life review – magical and ecstatic Proms performance of Delius’s magnum opus,https://www.theguardian.com/music/2025/aug/19/a-mass-of-life-review-royal-albert-hall-london-delius-bbcso-mark-elder-proms,"Tue, 19 Aug 2025 12:51:17 GMT",The Guardian,UK
Helm by Sarah Hall review – a mighty epic of climate change in slow motion,https://www.theguardian.com/books/2025/aug/19/helm-by-sarah-hall-review-a-mighty-epic-of-climate-change-in-slow-motion,"Tue, 19 Aug 2025 06:01:09 GMT",The Guardian,UK
Mistress Dispeller review – goodness and vulnerability shine through in candid love triangle doc,https://www.theguardian.com/film/2025/aug/19/mistress-dispeller-review,"Tue, 19 Aug 2025 12:00:10 GMT",The Guardian,UK
Matthew Perry: A Hollywood Tragedy review – the details are so sad … but are we really shocked?,https://www.theguardian.com/tv-and-radio/2025/aug/18/matthew-perry-a-hollywood-tragedy-review-the-details-are-so-sad-but-are-we-really-shocked,"Mon, 18 Aug 2025 21:15:01 GMT",The Guardian,UK
TV tonight: Tommy Fury reflects on the worst year of his life,https://www.theguardian.com/tv-and-radio/2025/aug/19/tv-tonight-tommy-fury-reflects-on-the-worst-year-of-his-life,"Tue, 19 Aug 2025 05:20:09 GMT",The Guardian,UK
Confessions of a Brain Surgeon review – life-changingly exquisite television,https://www.theguardian.com/tv-and-radio/2025/aug/18/confessions-of-a-brain-surgeon-review-life-changingly-exquisite-television,"Mon, 18 Aug 2025 21:00:02 GMT",The Guardian,UK
Le Concert Spirituel review – a sumptuous musical journey to late Renaissance Florence,https://www.theguardian.com/music/2025/aug/18/le-concert-spirituel-review-royal-albert-hall-london-striggio-mass,"Mon, 18 Aug 2025 14:30:51 GMT",The Guardian,UK
The wild tale of a multimillion-dollar CEO who got thrown in jail: best podcasts of the week,https://www.theguardian.com/tv-and-radio/2025/aug/18/the-wild-tale-of-a-multimillion-dollar-ceo-who-got-thrown-in-jail-best-podcasts-of-the-week,"Mon, 18 Aug 2025 06:00:53 GMT",The Guardian,UK
‘I can no longer listen to the punk bands I loved as a teenager’: Rob Newman’s honest playlist,https://www.theguardian.com/music/2025/aug/17/rob-newman-honest-playlist-blue-nile-smiths-ella-fitzgerald,"Sun, 17 Aug 2025 08:00:24 GMT",The Guardian,UK
Aurora Orchestra/Collon review – high impact and high intensity as Shostakovich’s fifth is brought to life,https://www.theguardian.com/music/2025/aug/17/aurora-orchestra-nicholas-collon-review-shostakovich-fifth-symphony,"Sun, 17 Aug 2025 11:17:41 GMT",The Guardian,UK
A Noble Madness by James Delbourgo review – the dark side of collecting,https://www.theguardian.com/books/2025/aug/19/a-noble-madness-by-james-delbourgo-review-the-dark-side-of-collecting,"Tue, 19 Aug 2025 08:01:12 GMT",The Guardian,UK
From V to Vineland and Inherent Vice: Thomas Pynchon’s books – ranked!,https://www.theguardian.com/books/2025/aug/18/from-v-to-vineland-and-inherent-vice-thomas-pynchons-books-ranked,"Mon, 18 Aug 2025 11:00:32 GMT",The Guardian,UK
Decolonizing Language by Ngũgĩ wa Thiong’o review – last words of a literary giant,https://www.theguardian.com/books/2025/aug/18/decolonizing-language-by-ngugi-wa-thiongo-review-final-words-of-literary-giant,"Mon, 18 Aug 2025 06:00:54 GMT",The Guardian,UK
Ending Isolation review – a takedown of solitary confinement by incarcerated co-authors,https://www.theguardian.com/books/2025/aug/18/ending-isolation-book-review-solitary-confinement,"Mon, 18 Aug 2025 12:00:40 GMT",The Guardian,UK
Drag x Drive review – wheelchair basketball that might give you wrist cramp,https://www.theguardian.com/games/2025/aug/19/drag-x-drive-review-nintendo-switch-2,"Tue, 19 Aug 2025 11:00:10 GMT",The Guardian,UK
Mafia: The Old Country review – by-numbers action game is elevated by Sicilian period setting,https://www.theguardian.com/games/2025/aug/15/mafia-the-old-country-review,"Fri, 15 Aug 2025 11:00:32 GMT",The Guardian,UK
‘I didn’t realise the game’s impact for years’: the making of the original Football Manager,https://www.theguardian.com/games/2025/aug/16/the-making-of-the-original-football-manager-kevin-toms,"Sat, 16 Aug 2025 08:00:56 GMT",The Guardian,UK
‘The idea was for a Black James Bond’: the making of 50 Cent: Bulletproof,https://www.theguardian.com/games/2025/aug/15/the-idea-was-for-a-black-james-bond-the-making-of-50-cent-bulletproof,"Fri, 15 Aug 2025 08:00:26 GMT",The Guardian,UK
The Butterfly Who Flew Into the Rave review – mesmerising trio tear up the dancefloor,https://www.theguardian.com/stage/2025/aug/19/the-butterfly-who-flew-into-the-rave-review-summerhall-edinburgh,"Tue, 19 Aug 2025 10:00:38 GMT",The Guardian,UK
"LEI-LDN review – teenage delights and dilemmas, from the Midlands to the capital",https://www.theguardian.com/stage/2025/aug/19/lei-ldn-review-pleasance-courtyard-edinburgh,"Tue, 19 Aug 2025 04:00:08 GMT",The Guardian,UK
Bebe Cave: Christbride review – an irreverent romp through womanhood in the middle ages,https://www.theguardian.com/stage/2025/aug/19/bebe-cave-christbride-review-edinburgh,"Tue, 19 Aug 2025 09:00:13 GMT",The Guardian,UK
Rachel Galvo: The Shite Feminist review – swaggering comedy about religion and privilege at an all-girls school,https://www.theguardian.com/stage/2025/aug/18/rachel-galvo-review-pleasance-edinburgh-shite-feminist,"Mon, 18 Aug 2025 21:00:01 GMT",The Guardian,UK
Where camels die of thirst: Morocco’s oasis emergency – in pictures,https://www.theguardian.com/artanddesign/gallery/2025/aug/19/camels-die-of-thirst-moroccos-oasis-emergency-in-pictures,"Tue, 19 Aug 2025 06:01:10 GMT",The Guardian,UK
‘It’s like having a button that makes the audience go nuts’: Deep Purple on Smoke on the Water,https://www.theguardian.com/culture/2025/aug/18/deep-purple-on-smoke-on-the-water-zappa-montreux,"Mon, 18 Aug 2025 12:54:50 GMT",The Guardian,UK
‘Shut it down and start again’: staff disquiet as Alan Turing Institute faces identity crisis,https://www.theguardian.com/technology/2025/aug/18/shut-it-down-and-start-again-staff-disquiet-as-alan-turing-institute-faces-identity-crisis,"Mon, 18 Aug 2025 05:00:53 GMT",The Guardian,UK
‘I got a nosebleed in minutes!’ How the Wedding Present’s indie banger classics inspired a musical,https://www.theguardian.com/stage/2025/aug/18/wedding-present-indie-banger-classics-musical-david-gedge,"Mon, 18 Aug 2025 04:00:51 GMT",The Guardian,UK
‘They’re not chic!’ How did BuzzBallz become the undisputed drink of the summer?,https://www.theguardian.com/food/2025/aug/19/buzzballz-not-chic-undisputed-drink-summer,"Tue, 19 Aug 2025 04:00:07 GMT",The Guardian,UK
"José Pizarro’s recipe for sweetcorn, chorizo and piquillo pepper fritters",https://www.theguardian.com/food/2025/aug/19/sweetcorn-chorizo-and-piquillo-pepper-fritters-recipe-jose-pizarro,"Tue, 19 Aug 2025 05:00:09 GMT",The Guardian,UK
‘I taste drinks any time from 4pm – driving plans permitting!’: the secrets of testing alcohol for the Filter,https://www.theguardian.com/thefilter/2025/aug/14/secrets-testing-alcohol-the-filter,"Mon, 18 Aug 2025 14:00:50 GMT",The Guardian,UK
Tempur Pro Plus SmartCool mattress review: a dream for your joints or too soft for comfort?,https://www.theguardian.com/thefilter/2025/aug/17/tempur-pro-plus-smartcool-mattress-review,"Sun, 17 Aug 2025 07:00:25 GMT",The Guardian,UK
"The best whisky: 13 tried-and-tested tipples, from scotch and single malt to blended and bourbon",https://www.theguardian.com/thefilter/2024/dec/17/best-whisky,"Fri, 15 Aug 2025 14:00:00 GMT",The Guardian,UK
Travelling this summer? Here are 22 beauty and skincare hacks to survive the journey,https://www.theguardian.com/thefilter/2025/aug/15/travel-beauty-essentials-skincare,"Fri, 15 Aug 2025 09:00:29 GMT",The Guardian,UK
There’s a lot more to lettuce than salad | Kitchen aide,https://www.theguardian.com/food/2025/aug/19/lettuce-recipe-ideas-not-salad-kitchen-aide-anna-berrill,"Tue, 19 Aug 2025 12:00:10 GMT",The Guardian,UK
"Rukmini Iyer’s quick and easy recipe for charred corn salad with halloumi, broccoli and black beans | Quick and easy",https://www.theguardian.com/food/2025/aug/18/charred-corn-salad-halloumi-tenderstem-black-beans-quick-easy-recipe-rukmini-iyer,"Mon, 18 Aug 2025 12:00:39 GMT",The Guardian,UK
"Mitch Tonks’ sardine recipes, both fresh and tinned",https://www.theguardian.com/food/2025/aug/18/sardine-recipes-butter-on-sourdough-fresh-and-tinned-mitch-tonks,"Mon, 18 Aug 2025 05:00:51 GMT",The Guardian,UK
"The power of pulses: 15 easy, delicious ways to eat more life-changing legumes",https://www.theguardian.com/food/2025/aug/17/15-easy-delicious-eat-more-legumes-pulses-beans,"Sun, 17 Aug 2025 13:00:32 GMT",The Guardian,UK
"My husband always dreamed of distant oceans. With a volunteer crew, I gave him a sailor’s farewell",https://www.theguardian.com/lifeandstyle/2025/aug/19/my-husband-always-dreamed-of-distant-oceans-with-a-volunteer-crew-i-gave-him-a-sailors-farewell,"Mon, 18 Aug 2025 15:00:53 GMT",The Guardian,UK
"This is how we do it: ‘Our lives are absorbed by raising kids, and we struggle to find time for sex’",https://www.theguardian.com/lifeandstyle/2025/aug/17/this-is-how-we-do-it-our-lives-are-absorbed-by-raising-kids-and-we-struggle-to-find-time-for-sex,"Sun, 17 Aug 2025 10:00:27 GMT",The Guardian,UK
‘I’ve been stupid and I miss you’: the family members who buried the hatchet after years of silence,https://www.theguardian.com/lifeandstyle/2025/aug/17/ive-been-stupid-and-i-miss-you-the-family-members-who-buried-the-hatchet-after-years-of-silence,"Sun, 17 Aug 2025 11:00:29 GMT",The Guardian,UK
My elderly mother has never had an orgasm. Is it too late for her to try?,https://www.theguardian.com/lifeandstyle/2025/aug/17/my-elderly-mother-has-never-had-an-orgasm-is-it-too-late-for-her-to-try,"Sun, 17 Aug 2025 05:00:21 GMT",The Guardian,UK
The never-ending drama of dealing with errant energy companies,https://www.theguardian.com/money/2025/aug/18/the-never-ending-drama-of-dealing-with-errant-energy-companies,"Mon, 18 Aug 2025 06:00:53 GMT",The Guardian,UK
Now fraudsters are trying to mis-sell you a car loan payout,https://www.theguardian.com/money/2025/aug/17/now-fraudsters-are-trying-to-mis-sell-you-a-car-loan-payout,"Sun, 17 Aug 2025 07:00:24 GMT",The Guardian,UK
These exercise apps reward steps with freebies – but which ones are worth the effort?,https://www.theguardian.com/money/2025/aug/16/exercise-apps-reward-steps-freebies-which-ones-worth-the-effort-paace-betterpoints-sweatcoin,"Sat, 16 Aug 2025 10:00:03 GMT",The Guardian,UK
‘People have a right to be happy’: the former Waitrose boss on how the UK can boost productivity,https://www.theguardian.com/money/2025/aug/16/right-to-be-happy-former-waitrose-boss-mark-price-uk-productivity,"Sat, 16 Aug 2025 12:00:00 GMT",The Guardian,UK
A new start after 60: I read out my old diaries online – and my youthful secrets went viral,https://www.theguardian.com/lifeandstyle/2025/aug/18/a-new-start-after-60-i-read-out-my-old-diaries-online-and-my-youthful-secrets-went-viral,"Mon, 18 Aug 2025 06:00:53 GMT",The Guardian,UK
"Milk, carbohydrates or a late-night pudding: what’s the secret to eating for a good night’s sleep?",https://www.theguardian.com/lifeandstyle/2025/aug/17/whats-the-secret-to-eating-for-a-good-nights-sleep,"Sat, 16 Aug 2025 20:00:12 GMT",The Guardian,UK
Ozempic didn’t work for me. I was furious – and ashamed,https://www.theguardian.com/wellness/2025/aug/14/ozempic-weight-loss,"Thu, 14 Aug 2025 16:00:06 GMT",The Guardian,UK
What is a colonoscopy and should I get one?,https://www.theguardian.com/wellness/2025/aug/12/what-is-a-colonoscopy,"Tue, 12 Aug 2025 16:00:23 GMT",The Guardian,UK
‘A symbol of Palestinian presence and identity’: the personal and political world of ‘tatreez’ – in pictures,https://www.theguardian.com/fashion/gallery/2025/aug/18/a-symbol-of-palestinian-presence-and-identity-the-personal-and-political-world-of-tatreez-in-pictures,"Mon, 18 Aug 2025 05:01:50 GMT",The Guardian,UK
The ugly truth: have Trump’s tariffs finally put an end to Crocs’ 19-year reign?,https://www.theguardian.com/fashion/2025/aug/17/the-ugly-truth-have-trumps-tariffs-finally-put-an-end-to-crocs-19-year-reign,"Sun, 17 Aug 2025 09:00:27 GMT",The Guardian,UK
‘You can’t run a certification based on vibes’ – does B Corp still signal a business that cares?,https://www.theguardian.com/fashion/2025/aug/14/fashion-statement-princess-polly-b-corp-sustainable-fashion,"Fri, 15 Aug 2025 06:00:25 GMT",The Guardian,UK
What to wear if Carrie Bradshaw is your forever style icon,https://www.theguardian.com/fashion/gallery/2025/aug/15/what-to-wear-carrie-bradshaw-style-icon,"Fri, 15 Aug 2025 05:00:23 GMT",The Guardian,UK
We’re on safari … in the Netherlands,https://www.theguardian.com/travel/2025/aug/18/on-safari-holiday-netherlands,"Mon, 18 Aug 2025 06:00:51 GMT",The Guardian,UK
How we survived a Spanish holiday with our teenagers,https://www.theguardian.com/travel/2025/aug/17/how-we-survived-holiday-with-teenagers-andalucia-spain,"Sun, 17 Aug 2025 06:00:24 GMT",The Guardian,UK
Wild camping the easy way: how a secret Exmoor trip pleased everyone – including the farmer,https://www.theguardian.com/travel/2025/aug/16/wild-camping-the-easy-way-exmoor,"Sat, 16 Aug 2025 06:00:55 GMT",The Guardian,UK
"‘By handing over some planning to the kids, I could relax’: readers’ favourite trips with teenagers in Europe",https://www.theguardian.com/travel/2025/aug/15/readers-favourite-family-trips-with-teenagers-in-europe,"Fri, 15 Aug 2025 06:00:25 GMT",The Guardian,UK
"‘My buyer’s guilt is insane. It’s $1,300 on trash’: the adults addicted to blind box toys like Labubus",https://www.theguardian.com/lifeandstyle/2025/aug/18/labubu-blind-box-addiction-gambling,"Mon, 18 Aug 2025 14:00:50 GMT",The Guardian,UK
Houseplant clinic: what are those strange growths on my philodendron?,https://www.theguardian.com/lifeandstyle/2025/aug/19/houseplant-clinic-what-are-those-strange-growths-on-my-philodendron,"Tue, 19 Aug 2025 09:00:14 GMT",The Guardian,UK
The one change that worked: I gave up my allotment – and accepted who I really am,https://www.theguardian.com/lifeandstyle/2025/aug/18/the-one-change-that-worked-i-gave-up-my-allotment-and-accepted-who-i-really-am,"Mon, 18 Aug 2025 10:00:30 GMT",The Guardian,UK
Did you solve it? Are you a matcha for these tasty Japanese puzzles?,https://www.theguardian.com/science/2025/aug/18/did-you-solve-it-are-you-a-matcha-for-these-tasty-japanese-puzzles,"Mon, 18 Aug 2025 16:00:53 GMT",The Guardian,UK
The Oath: to be a Palestinian doctor in Israel’s healthcare system,https://www.theguardian.com/world/video/2025/jul/30/the-oath-to-be-a-palestinian-doctor-in-israels-healthcare-system,"Wed, 30 Jul 2025 12:00:04 GMT",The Guardian,UK
‘Nothing is the same’: Windrush victim allowed to return to UK after 28 years,https://www.theguardian.com/uk-news/2025/aug/18/windrush-victim-allowed-return-uk-28-years-george-lee,"Mon, 18 Aug 2025 11:08:02 GMT",The Guardian,UK
‘I was completely dehumanised by my father’: how Kate Price uncovered the horrifying truths of her childhood,https://www.theguardian.com/society/2025/aug/18/i-was-completely-dehumanised-by-my-father-how-kate-price-uncovered-the-horrifying-truths-of-her-childhood,"Mon, 18 Aug 2025 04:00:50 GMT",The Guardian,UK
Dining across the divide: ‘It was like a communist interrogation’,https://www.theguardian.com/lifeandstyle/2025/aug/17/dining-across-the-divide-michael-sophia,"Sun, 17 Aug 2025 11:00:28 GMT",The Guardian,UK
Weight loss drugs: how will you be affected by the Mounjaro price rise in the UK?,https://www.theguardian.com/society/2025/aug/19/weight-loss-drugs-how-will-you-be-affected-by-the-mounjaro-price-rise-in-the-uk,"Tue, 19 Aug 2025 10:06:43 GMT",The Guardian,UK
Share your experience of renewing your vows,https://www.theguardian.com/lifeandstyle/2025/aug/19/share-your-experience-of-renewing-your-vows,"Tue, 19 Aug 2025 09:23:54 GMT",The Guardian,UK
Post your questions for Ridley Scott,https://www.theguardian.com/film/2025/aug/15/post-your-questions-for-ridley-scott,"Fri, 15 Aug 2025 10:38:16 GMT",The Guardian,UK
Young people in the UK: share your experiences of living in a coastal town,https://www.theguardian.com/society/2025/jul/01/young-people-in-the-uk-share-your-experiences-of-living-in-a-coastal-town,"Mon, 07 Jul 2025 08:18:35 GMT",The Guardian,UK
Sign up for the First Edition newsletter: our free daily news email,https://www.theguardian.com/global/2022/sep/20/sign-up-for-the-first-edition-newsletter-our-free-news-email,"Tue, 20 Sep 2022 10:16:38 GMT",The Guardian,UK
Sign up for the Feast newsletter: our free Guardian food email,https://www.theguardian.com/food/2019/jul/09/sign-up-for-the-feast-newsletter-our-free-guardian-food-email,"Tue, 09 Jul 2019 08:19:21 GMT",The Guardian,UK
Sign up for the Football Daily newsletter: our free football email,https://www.theguardian.com/info/2022/nov/14/football-daily-email-sign-up,"Mon, 14 Nov 2022 09:05:50 GMT",The Guardian,UK
Sign up for the Guide newsletter: our free pop-culture email,https://www.theguardian.com/global/2022/sep/20/sign-up-for-the-guide-newsletter-our-free-pop-culture-email,"Tue, 20 Sep 2022 10:57:04 GMT",The Guardian,UK
"Orangutans, a wildfire and a church on the move: photos of the day – Tuesday",https://www.theguardian.com/news/gallery/2025/aug/19/orangutans-a-wildfire-and-a-church-on-the-move-photos-of-the-day-tuesday,"Tue, 19 Aug 2025 13:17:27 GMT",The Guardian,UK
"When 1 MiG beat 4 US fighter jets: After 6-decade service, IAF icon prepares for final touchdown",https://timesofindia.indiatimes.com/city/chandigarh/when-one-mig-beat-four-us-fighter-jets-after-6-decades-of-service-iafs-icon-prepares-for-final-touchdown-in-chandigarh/articleshow/123380262.cms,"Tue, 19 Aug 2025 12:35:27 +0530",Times of India,India
"India-China ties: PM Modi meets Wang Yi - How tariff, border tensions made elephant, dragon tango again?",https://timesofindia.indiatimes.com/india/india-china-ties-sco-meet-pm-modi-meets-foreign-minister-wang-yi-in-delhi-how-tariff-border-tensions-made-elephant-dragon-tango-again/articleshow/123388800.cms,"Tue, 19 Aug 2025 18:54:44 +0530",Times of India,India
What Mumbai rains did to city - 10 videos that show havoc,https://timesofindia.indiatimes.com/india/snakes-slithered-trees-uprooted-rivers-overflowed-what-mumbai-rains-did-to-the-city-watch-10-videos-that-wreaked-havoc/articleshow/123384528.cms,"Tue, 19 Aug 2025 16:30:28 +0530",Times of India,India
"Russia sets major rider for 'long-term peace' deal, day after Zelenskyy-Trump meet",https://timesofindia.indiatimes.com/world/europe/without-respect-for-russians-moscow-after-zelenskyy-trump-talks-rejects-call-for-long-term-agreements/articleshow/123384900.cms,"Tue, 19 Aug 2025 16:23:03 +0530",Times of India,India
Asia Cup 2025: No Rishabh Pant in India’s squad - Here is why,https://timesofindia.indiatimes.com/sports/cricket/asia-cup/asia-cup-2025-why-is-rishabh-pant-missing-from-indias-squad/articleshow/123388536.cms,"Tue, 19 Aug 2025 18:42:18 +0530",Times of India,India
Apple's big India move: All iPhone 17 models Made in India for US; Trump could be reason why,https://timesofindia.indiatimes.com/technology/mobiles-tabs/apple-to-make-all-iphone-17-series-models-for-us-market-in/articleshow/123383490.cms,"Tue, 19 Aug 2025 14:49:09 +0530",Times of India,India
'India will be ...': What BJP said on impact of Trump's tariff; cites local consumption,https://timesofindia.indiatimes.com/india/india-will-be-what-bjp-said-on-impact-of-trumps-tariff-cites-local-consumption/articleshow/123386230.cms,"Tue, 19 Aug 2025 17:18:27 +0530",Times of India,India
'Ghuspaithiya Bachao Yatra': BJP targets Rahul's 'Voter Adhikar Yatra' after Psephologist's apology,https://timesofindia.indiatimes.com/india/ghuspaithiya-bachao-yatra-bjp-targets-rahuls-voter-adhikar-yatra-seeks-apology-after-psephologist-deletes-maharashtra-elections-data/articleshow/123386593.cms,"Tue, 19 Aug 2025 17:09:44 +0530",Times of India,India
Opted for new income tax regime? Don’t stop putting money in these investments,https://timesofindia.indiatimes.com/business/financial-literacy/taxation/opted-for-new-income-tax-regime-dont-stop-putting-money-in-these-investments-heres-why/articleshow/123379816.cms,"Tue, 19 Aug 2025 18:00:00 +0530",Times of India,India
Google Pixel 10 series launch: How to watch ‘Made by Google’ event; India timings and what we know,https://timesofindia.indiatimes.com/technology/tech-news/google-pixel-10-series-launch-how-to-watch-made-by-google-event-livestream-launch-timings-in-india-and-more/articleshow/123385904.cms,"Tue, 19 Aug 2025 16:38:56 +0530",Times of India,India
Toronto Maple Leafs’ Matthew Knies attends Grant Cruikshank and McKenna’s wedding in Wisconsin,https://timesofindia.indiatimes.com/sports/nhl/news/toronto-maple-leafs-matthew-knies-attends-grant-cruikshank-and-mckennas-wedding-in-wisconsin/articleshow/123386144.cms,"Tue, 19 Aug 2025 18:00:00 +0530",Times of India,India
With Pakistan out over security: Hockey Asia Cup 2025 in India from Aug 29; full schedule,https://timesofindia.indiatimes.com/sports/hockey/top-stories/with-pakistan-pulling-out-over-security-concerns-hockey-asia-cup-2025-to-begin-in-india-on-august-29/articleshow/123385895.cms,"Tue, 19 Aug 2025 17:09:38 +0530",Times of India,India
Karnataka: Bengaluru City University to carry Manmohan Singh's name; bill passed in assembly,https://timesofindia.indiatimes.com/india/karnataka-bengaluru-city-university-to-carry-manmohan-singhs-name-bill-passed-in-assembly/articleshow/123387563.cms,"Tue, 19 Aug 2025 18:01:45 +0530",Times of India,India
‘Rockets to Wall Street’: Musk’s teen prodigy leaves SpaceX; joins Citadel Securities,https://timesofindia.indiatimes.com/technology/tech-news/kairan-quazi-who-joined-elon-musks-spacex-as-engineer-at-14-is-leaving-says-i-felt/articleshow/123382337.cms,"Tue, 19 Aug 2025 13:55:42 +0530",Times of India,India
Centre makes big move to regulate online betting; bill cleared by Cabinet,https://timesofindia.indiatimes.com/business/india-business/gaming-bill-cabinet-approves-legislation-to-regulate-online-real-money-gaming-platforms-to-be-tabled-in-lok-sabha-on-this-day/articleshow/123384416.cms,"Tue, 19 Aug 2025 17:11:26 +0530",Times of India,India
Vote Adhikar Yatra: Rahul Gandhi’s convoy 'crushes' cop - watch,https://timesofindia.indiatimes.com/india/vote-adhikar-yatra-rahul-gandhis-convoy-crushes-cop-watch/articleshow/123386066.cms,"Tue, 19 Aug 2025 16:50:21 +0530",Times of India,India
Asia Cup: Shubman Gill is breathing down Suryakumar Yadav's neck,https://timesofindia.indiatimes.com/sports/cricket/asia-cup/asia-cup-shubman-gill-is-breathing-down-suryakumar-yadavs-neck/articleshow/123386597.cms,"Tue, 19 Aug 2025 17:19:05 +0530",Times of India,India
Airline-style baggage charges in trains? Railways to implement new strict luggage rules,https://timesofindia.indiatimes.com/business/india-business/airline-style-baggage-charges-in-trains-indian-railways-to-implement-new-strict-luggage-rules-heres-what-passengers-should-know/articleshow/123384984.cms,"Tue, 19 Aug 2025 16:09:37 +0530",Times of India,India
'Will make Rahul PM': Tejashwi Yadav vows 2029 support; calls NDA govt in Bihar 'khatara',https://timesofindia.indiatimes.com/india/will-make-rahul-pm-tejashwi-yadav-vows-2029-support-calls-nda-govt-in-bihar-khatara/articleshow/123385187.cms,"Tue, 19 Aug 2025 16:12:02 +0530",Times of India,India
No thanks: How Zelenskyy snubbed Trump by not suiting up,https://timesofindia.indiatimes.com/world/us/power-games-how-donald-trump-tried-to-make-volodymyr-zelenskyy-wear-a-suit-and-tie-but-the-latter-refused/articleshow/123384092.cms,"Tue, 19 Aug 2025 16:18:36 +0530",Times of India,India
Asia Cup 2025: India selectors continue to be unfair on Shreyas Iyer; one squad sheet at a time!,https://timesofindia.indiatimes.com/sports/cricket/asia-cup/asia-cup-2025-india-selectors-continue-to-be-unfair-on-shreyas-iyer-one-squad-sheet-at-a-time/articleshow/123386293.cms,"Tue, 19 Aug 2025 16:59:51 +0530",Times of India,India
'We finally feel accepted’: Gujarat village ends Dalit haircut ban,https://timesofindia.indiatimes.com/city/ahmedabad/a-snip-of-freedom-banaskantha-village-ends-dalit-haircut-ban/articleshow/123350625.cms,"Mon, 18 Aug 2025 08:03:46 +0530",Times of India,India
Stuart Skinner’s wife Chloe shares holiday photos; son Beau holds snake—see pics,https://timesofindia.indiatimes.com/sports/nhl/news/stuart-skinners-wife-chloe-shares-family-holiday-photos-featuring-son-beau-posing-with-snake/articleshow/123384770.cms,"Tue, 19 Aug 2025 17:30:00 +0530",Times of India,India
‘We are alive’: Elderly MP couple kneel before minister as records show them ‘dead’,https://timesofindia.indiatimes.com/city/bhopal/we-are-alive-mp-couple-returns-after-40-years-finds-land-usurped-selves-dead-in-records-denied-aadhaar-pension-identity/articleshow/123376831.cms,"Tue, 19 Aug 2025 09:07:40 +0530",Times of India,India
"Asia Cup 2025: 5 shocking omissions from India’s squad - Shreyas Iyer, Yashasvi Jaiswal miss out",https://timesofindia.indiatimes.com/sports/cricket/asia-cup/asia-cup-2025-5-shocking-omissions-from-indias-squad-shreyas-iyer-yashasvi-jaiswal-miss-out/articleshow/123383853.cms,"Tue, 19 Aug 2025 15:13:35 +0530",Times of India,India
‘No elections during war’: Trump's jibe at Zelenskyy over polls,https://timesofindia.indiatimes.com/world/us/no-elections-during-war-donald-trumps-jibe-at-zelenskyy-over-ukraine-polls-jokes-about-starting-a-conflict-in-us/articleshow/123382607.cms,"Tue, 19 Aug 2025 14:28:16 +0530",Times of India,India
Tower Ride' collapses from height of 50 feet in Gujarat,https://timesofindia.indiatimes.com/city/surat/five-injured-as-ride-collapses-from-height-of-50-feet-in-navsari/articleshow/123369846.cms,"Mon, 18 Aug 2025 22:46:08 +0530",Times of India,India
Watch: Sikh postman's act of kindness while delivering package goes viral,https://timesofindia.indiatimes.com/world/rest-of-world/watch-sikh-postmans-act-of-kindness-while-delivering-a-package-goes-viral-priyanka-chopra-among-admirers/articleshow/123378642.cms,"Tue, 19 Aug 2025 10:56:25 +0530",Times of India,India
Sunjay Kapur’s sister alleges Sachdev forced mother to sign papers amid feud,https://timesofindia.indiatimes.com/entertainment/hindi/bollywood/news/sunjay-kapurs-sister-mandhira-says-that-priya-sachdev-with-a-bunch-of-people-cornered-their-mom-rani-kapur-to-sign-some-papers-amid-rs-30000-crore-family-feud-what-are-they-hiding-from-us/articleshow/123381832.cms,"Tue, 19 Aug 2025 13:45:14 +0530",Times of India,India
'Ogre at our gates': Macron warns allies against trusting Putin,https://timesofindia.indiatimes.com/world/europe/ogre-at-our-gates-macron-warns-allies-against-trusting-putin-calls-him-predator-at-europes-doorstep/articleshow/123382703.cms,"Tue, 19 Aug 2025 14:14:47 +0530",Times of India,India
"Maharashtra rain havoc continues: Toll rises to 8, hundreds evacuated",https://timesofindia.indiatimes.com/city/mumbai/maharashtra-rain-havoc-continues-toll-rises-to-8-hundreds-evacuated-cm-devendra-fadnavis-says-next-48-hours-crucial/articleshow/123384613.cms,"Tue, 19 Aug 2025 15:41:15 +0530",Times of India,India
Asia Cup 2025: Who will open the batting? Ajit Agarkar clears the air,https://timesofindia.indiatimes.com/sports/cricket/asia-cup/asia-cup-2025-who-will-open-the-batting-ajit-agarkar-clears-the-air/articleshow/123384375.cms,"Tue, 19 Aug 2025 15:40:03 +0530",Times of India,India
'Vote chori' row: Posters urge Anna Hazare to ‘wake up’; activist calls incident ‘unfortunate’,https://timesofindia.indiatimes.com/city/pune/anna-hazare-sad-as-his-silence-on-vote-theft-questioned/articleshow/123372787.cms,"Tue, 19 Aug 2025 05:31:54 +0530",Times of India,India
‘The dead don’t talk’: Fingerprints cracked Sohna mystery; revenge plot trail exposed,https://timesofindia.indiatimes.com/city/gurgaon/the-dead-dont-talk-but-fingerprints-tattoos-do-how-dots-joined-from-sohna-to-rishikesh-faridabad-bhiwadi-to-solve-murder/articleshow/123372666.cms,"Tue, 19 Aug 2025 02:27:24 +0530",Times of India,India
Lok Sabha goes multilingual: Interpretation available in all 22 scheduled languages,https://timesofindia.indiatimes.com/india/lok-sabha-goes-multilingual-interpretation-available-in-all-22-scheduled-languages-kashmiri-konkani-santhali-added-now/articleshow/123384189.cms,"Tue, 19 Aug 2025 15:22:47 +0530",Times of India,India
Doval meets China's Wang Yi: NSA praises 'upward trend' on India-China ties,https://timesofindia.indiatimes.com/india/ajit-doval-meets-chinas-wang-yi-nsa-praises-upward-trend-on-india-china-ties-hails-border-peace/articleshow/123379991.cms,"Tue, 19 Aug 2025 15:06:52 +0530",Times of India,India
'Tomorrow not promised': SUV crashes into YouTubers mid-meal – watch,https://timesofindia.indiatimes.com/world/us/tomorrow-is-not-promised-suv-smashes-through-glass-hitting-youtubers-ninaunrated-patrick-blackwood-video/articleshow/123375806.cms,"Tue, 19 Aug 2025 08:18:28 +0530",Times of India,India
CEO axes 80% staff: How AI literacy could make or break your career,https://timesofindia.indiatimes.com/education/news/ceo-eric-vaughan-laid-off-nearly-80-of-employees-how-ai-literacy-could-make-or-break-your-career/articleshow/123375720.cms,"Tue, 19 Aug 2025 08:25:47 +0530",Times of India,India
Why should one pay to spend 12 hrs in traffic? SC questions toll fees on highway,https://timesofindia.indiatimes.com/india/why-should-one-pay-to-spend-12-hours-in-traffic-jams-supreme-court-questions-toll-fees-on-kerala-highway-slams-nhai-over-poor-roads/articleshow/123378759.cms,"Tue, 19 Aug 2025 11:07:52 +0530",Times of India,India
Mumbai's rain misery: 300mm downpour paralyses city; Mithi river swells,https://timesofindia.indiatimes.com/city/mumbai/heavy-rains-prompts-citywide-shutdown-mumbai-batters-under-300mm-rainfall-in-24-hours-400-evacuated-as-mithi-river-swells/articleshow/123381558.cms,"Tue, 19 Aug 2025 13:24:34 +0530",Times of India,India
Shubhanshu Shukla shares with PM Modi how 'India’s secrets' helped him in space,https://timesofindia.indiatimes.com/india/how-indias-secrets-helped-shubhanshu-shukla-in-space-astronaut-shares-experience-with-pm-modi-watch/articleshow/123378411.cms,"Tue, 19 Aug 2025 11:10:25 +0530",Times of India,India
'Progressive jurist': INDIA bloc finalises VP nominee; picks ex-SC judge B Sudershan Reddy,https://timesofindia.indiatimes.com/india/progressive-jurist-india-bloc-finalises-vp-nominee-picks-ex-sc-judge-b-sudershan-reddy/articleshow/123381714.cms,"Tue, 19 Aug 2025 13:37:36 +0530",Times of India,India
"Hate crime in UK: Teenagers attack Sikh men, remove their turbans - video",https://timesofindia.indiatimes.com/world/uk/hate-crime-in-uk-outrage-after-sikh-men-brutally-attacked-forcibly-removed-turbans-by-teenagers-assaulters-released-on-bail-video/articleshow/123380104.cms,"Tue, 19 Aug 2025 12:36:42 +0530",Times of India,India
'Partitioned country twice': PM slams Nehru for Indus Treaty; calls him 'anti-farmer' at NDA meet,https://timesofindia.indiatimes.com/india/nehru-partitioned-country-twice-pm-modi-slams-ex-pm-for-indus-water-treaty-calls-him-anti-farmer-at-nda-meet/articleshow/123382418.cms,"Tue, 19 Aug 2025 13:58:12 +0530",Times of India,India
New beginning! Prithvi Shaw silences critics with stunning ton on debut - Watch,https://timesofindia.indiatimes.com/sports/cricket/news/new-beginning-prithvi-shaw-silences-critics-with-stunning-century-on-maharashtra-debut/articleshow/123382775.cms,"Tue, 19 Aug 2025 14:26:22 +0530",Times of India,India
Trump’s 50% tariffs loom: Govt plans measures to shield export sectors- Details,https://timesofindia.indiatimes.com/business/india-business/trumps-50-tariffs-loom-what-steps-is-government-looking-at-to-cushion-impact-on-key-export-sectors-check-details/articleshow/123381685.cms,"Tue, 19 Aug 2025 13:56:53 +0530",Times of India,India
"‘War 2’ box office, day 6: Hrithik, Jr NTR starrer starts on slow note; earlier crossed Rs180 cr",https://timesofindia.indiatimes.com/entertainment/hindi/bollywood/box-office/war-2-box-office-collection-day-6-live-the-hrithik-roshan-jr-ntr-starrer-starts-tuesday-on-a-slow-note-after-crossing-rs-180-crore/articleshow/123383155.cms,"Tue, 19 Aug 2025 14:32:13 +0530",Times of India,India
"Man, 21, Gets 14 Week Jail For Racist Death Threat Emails To Rishi Sunak",https://www.ndtv.com/world-news/man-21-gets-14-week-jail-for-racist-death-threat-emails-to-rishi-sunak-9116169#publisher=newsstand,"Tue, 19 Aug 2025 18:23:44 +0530",NDTV,India
"""Saw Them Putting Papa's Body In Drum"": Son Of Man Killed By Wife, Lover",https://www.ndtv.com/india-news/rajasthan-alwar-drum-murder-saw-them-putting-papas-body-in-drum-son-of-man-killed-by-wife-lover-9116382#publisher=newsstand,"Tue, 19 Aug 2025 18:11:32 +0530",NDTV,India
"All About Online Gaming Bill, Cleared By Union Cabinet",https://www.ndtv.com/india-news/all-about-the-online-gaming-bill-expected-to-be-tabled-at-the-lok-sabha-tomorrow-9116230#publisher=newsstand,"Tue, 19 Aug 2025 18:08:49 +0530",NDTV,India
"""Sure, I'll Meet Zelensky"": Putin Ready For Direct Russia-Ukraine Talks, Rubio Confirms",https://www.ndtv.com/world-news/sure-ill-meet-volodymyr-zelensky-vladimir-putin-ready-for-direct-russia-ukraine-talks-marco-rubio-confirms-9116241#publisher=newsstand,"Tue, 19 Aug 2025 18:03:19 +0530",NDTV,India
"Bill To Regulate Online Gaming Gets Cabinet Nod, Next Stop Lok Sabha",https://www.ndtv.com/india-news/bill-to-regulate-online-gaming-gets-cabinet-nod-next-stop-lok-sabha-9115882#publisher=newsstand,"Tue, 19 Aug 2025 18:01:34 +0530",NDTV,India
"358, Including 30 Children, Killed In Pakistan Due To Flash Floods",https://www.ndtv.com/world-news/358-deaths-in-pakistan-mountain-village-due-to-cloudburst-flood-9116077#publisher=newsstand,"Tue, 19 Aug 2025 17:57:38 +0530",NDTV,India
"Mumbai Rains Updates: City Receives 300 Mm Rainfall, Train, Flight Services Hit",https://www.ndtv.com/mumbai-news/mumbai-rains-live-updates-city-receives-300-mm-rainfall-train-services-disrupted-ndrf-deployed-amid-waterlogging-9116037#publisher=newsstand,"Tue, 19 Aug 2025 17:54:57 +0530",NDTV,India
"Rahul Gandhi's Car Hits Cop During Bihar Yatra, BJP's ""Crush Janta"" Jibe",https://www.ndtv.com/india-news/rahul-gandhis-car-hits-cop-during-bihar-yatra-bjps-crush-janta-jibe-9116082#publisher=newsstand,"Tue, 19 Aug 2025 17:35:23 +0530",NDTV,India
"Woman Watches Web Series On Crimes, Studies Murder Cases Before Killing Husband",https://www.ndtv.com/india-news/rajasthan-woman-watches-web-series-on-crimes-studies-murder-cases-before-killing-husband-9115954#publisher=newsstand,"Tue, 19 Aug 2025 17:33:45 +0530",NDTV,India
"Man Poisons Wife, Buries Her Body In Graveyard In Delhi, Arrested: Cops",https://www.ndtv.com/india-news/man-poisons-wife-buries-her-body-in-graveyard-in-delhi-arrested-cops-9115653#publisher=newsstand,"Tue, 19 Aug 2025 17:05:33 +0530",NDTV,India
Air Canada Flight Attendants End Strike After Reaching 'Tentative' Deal,https://www.ndtv.com/world-news/air-canada-flight-attendants-end-strike-after-reaching-tentative-deal-9115880#publisher=newsstand,"Tue, 19 Aug 2025 17:04:45 +0530",NDTV,India
'Finding 70 Missing In Kishtwar Cloudburst Alive Next To Impossible': Omar Abdullah,https://www.ndtv.com/india-news/jammu-and-kashmir-chisoti-finding-70-missing-in-kishtwar-cloudburst-alive-next-to-impossible-omar-abdullah-9115845#publisher=newsstand,"Tue, 19 Aug 2025 17:01:05 +0530",NDTV,India
BJP Targets Congress's 'Vote Chori' Campaign After Psephologist's Apology,https://www.ndtv.com/india-news/sanjay-kumar-csds-bjp-targets-congresss-vote-chori-campaign-after-psephologists-apology-9115020#publisher=newsstand,"Tue, 19 Aug 2025 16:50:01 +0530",NDTV,India
"""Submarine Service Launched In Mumbai"": Memes Take Over Amid Rain, Flooding",https://www.ndtv.com/mumbai-news/submarine-service-launched-in-mumbai-memes-take-over-amid-rain-flooding-9113186#publisher=newsstand,"Tue, 19 Aug 2025 16:43:57 +0530",NDTV,India
"""No Ambiguity"": BJP Ally Bites Bullet After INDIA's Andhra Pick For Veep",https://www.ndtv.com/india-news/chandrababu-naidu-vice-presidential-election-no-ambiguity-bjp-ally-bites-bullet-after-indias-andhra-pick-for-veep-9115702#publisher=newsstand,"Tue, 19 Aug 2025 16:42:40 +0530",NDTV,India
India Needs 40-50 Astronauts For Upcoming Space Missions: PM Modi,https://www.ndtv.com/india-news/india-needs-40-50-astronauts-for-upcoming-space-missions-pm-modi-9114939#publisher=newsstand,"Tue, 19 Aug 2025 16:25:22 +0530",NDTV,India
Civil Judge Aspirant Who Disappeared During Train Journey Finally Traced,https://www.ndtv.com/india-news/civil-judge-aspirant-archana-tiwari-who-disappeared-during-train-journey-finally-traced-9114855#publisher=newsstand,"Tue, 19 Aug 2025 16:11:06 +0530",NDTV,India
Nawaz Sharif's Aide Admits India Pounded Pakistani Air Bases During Op Sindoor,https://www.ndtv.com/world-news/nawaz-sharifs-aide-admits-india-pounded-pak-air-bases-during-op-sindoor-9115386#publisher=newsstand,"Tue, 19 Aug 2025 16:11:04 +0530",NDTV,India
Why Opposition's Veep Choice Places Key BJP Ally In A Tricky Spot,https://www.ndtv.com/india-news/vice-president-election-cp-radhakrishnan-b-sudershan-reddy-veep-polls-bjp-set-tamil-nadu-trap-opposition-responds-with-andhra-move-9114547#publisher=newsstand,"Tue, 19 Aug 2025 16:06:11 +0530",NDTV,India
The Story Of A Bengal Butcher Who 'Saved' Calcutta,https://www.ndtv.com/india-news/direct-action-day-and-the-story-of-a-bengal-butcher-gopal-patha-who-saved-calcutta-9114693#publisher=newsstand,"Tue, 19 Aug 2025 15:38:16 +0530",NDTV,India
